{
  "even_heads": {
    "success_rate": 1.0,
    "success_count": 100,
    "n_trials": 100,
    "ci_lower": 1.0,
    "ci_upper": 1,
    "time_seconds": 51.807753801345825,
    "head_indices": [
      0,
      2,
      4,
      6,
      8,
      10,
      12,
      14,
      16,
      18,
      20,
      22,
      24,
      26,
      28,
      30
    ]
  },
  "odd_heads": {
    "success_rate": 0.0,
    "success_count": 0,
    "n_trials": 100,
    "ci_lower": 0,
    "ci_upper": 0.0,
    "time_seconds": 50.59041380882263,
    "head_indices": [
      1,
      3,
      5,
      7,
      9,
      11,
      13,
      15,
      17,
      19,
      21,
      23,
      25,
      27,
      29,
      31
    ]
  },
  "all_heads": {
    "success_rate": 1.0,
    "success_count": 100,
    "n_trials": 100,
    "ci_lower": 1.0,
    "ci_upper": 1,
    "time_seconds": 52.0010724067688,
    "head_indices": [
      0,
      1,
      2,
      3,
      4,
      5,
      6,
      7,
      8,
      9,
      10,
      11,
      12,
      13,
      14,
      15,
      16,
      17,
      18,
      19,
      20,
      21,
      22,
      23,
      24,
      25,
      26,
      27,
      28,
      29,
      30,
      31
    ]
  },
  "critical_even_heads": []
}